{"initial_reset_timestamp": 1554899809.0562832, "timestamps": [1554899813.276203, 1554899817.1812758, 1554899817.5265348, 1554899817.735391, 1554899817.9391613], "episode_lengths": [200, 200, 200, 200, 200], "episode_rewards": [-1772.3965402920799, -1225.399648550408, -1672.138518017449, -1192.8013597712002, -1787.3954072178128], "episode_types": ["t", "t", "t", "t", "t", "t"]}